lower,upper,count,accuracy,mean_confidence
0.0,0.1,0,,
0.1,0.2,0,,
0.2,0.30000000000000004,1,0.0,0.29202663896209735
0.30000000000000004,0.4,138,0.427536231884058,0.369927385609802
0.4,0.5,835,0.4215568862275449,0.4562563400843878
0.5,0.6000000000000001,1022,0.46966731898238745,0.5500591861828578
0.6000000000000001,0.7000000000000001,1005,0.5323383084577115,0.646615676045404
0.7000000000000001,0.8,477,0.7190775681341719,0.7547130166885924
0.8,0.9,295,0.8779661016949153,0.8284655563902797
0.9,1.0,0,,
