name,type,output_shape,parameters,settings
input_layer_1,InputLayer,"(None, 4, 3000)",0,"{""batch_shape"": [null, 4, 3000], ""dtype"": ""float32"", ""sparse"": false, ""ragged"": false, ""name"": ""input_layer_1"", ""optional"": false}"
permute_1,Permute,"(None, 3000, 4)",0,"{""name"": ""permute_1"", ""trainable"": true, ""dtype"": {""module"": ""keras"", ""class_name"": ""DTypePolicy"", ""config"": {""name"": ""float32""}, ""registered_name"": null}, ""dims"": [2, 1]}"
conv1d_2,Conv1D,"(None, 750, 64)",1856,"{""name"": ""conv1d_2"", ""trainable"": true, ""dtype"": {""module"": ""keras"", ""class_name"": ""DTypePolicy"", ""config"": {""name"": ""float32""}, ""registered_name"": null}, ""filters"": 64, ""kernel_size"": [7], ""strides"": [4], ""padding"": ""same"", ""data_format"": ""channels_last"", ""dilation_rate"": [1], ""groups"": 1, ""activation"": ""linear"", ""use_bias"": true, ""kernel_initializer"": {""module"": ""keras.initializers"", ""class_name"": ""GlorotUniform"", ""config"": {""seed"": null}, ""registered_name"": null}, ""bias_initializer"": {""module"": ""keras.initializers"", ""class_name"": ""Zeros"", ""config"": {}, ""registered_name"": null}, ""kernel_regularizer"": null, ""bias_regularizer"": null, ""activity_regularizer"": null, ""kernel_constraint"": null, ""bias_constraint"": null}"
batch_normalization_2,BatchNormalization,"(None, 750, 64)",256,"{""name"": ""batch_normalization_2"", ""trainable"": true, ""dtype"": {""module"": ""keras"", ""class_name"": ""DTypePolicy"", ""config"": {""name"": ""float32""}, ""registered_name"": null}, ""axis"": -1, ""momentum"": 0.99, ""epsilon"": 0.001, ""center"": true, ""scale"": true, ""beta_initializer"": {""module"": ""keras.initializers"", ""class_name"": ""Zeros"", ""config"": {}, ""registered_name"": null}, ""gamma_initializer"": {""module"": ""keras.initializers"", ""class_name"": ""Ones"", ""config"": {}, ""registered_name"": null}, ""moving_mean_initializer"": {""module"": ""keras.initializers"", ""class_name"": ""Zeros"", ""config"": {}, ""registered_name"": null}, ""moving_variance_initializer"": {""module"": ""keras.initializers"", ""class_name"": ""Ones"", ""config"": {}, ""registered_name"": null}, ""beta_regularizer"": null, ""gamma_regularizer"": null, ""beta_constraint"": null, ""gamma_constraint"": null, ""synchronized"": false}"
re_lu_2,ReLU,"(None, 750, 64)",0,"{""name"": ""re_lu_2"", ""trainable"": true, ""dtype"": {""module"": ""keras"", ""class_name"": ""DTypePolicy"", ""config"": {""name"": ""float32""}, ""registered_name"": null}, ""max_value"": null, ""negative_slope"": 0.0, ""threshold"": 0.0}"
conv1d_3,Conv1D,"(None, 188, 128)",41088,"{""name"": ""conv1d_3"", ""trainable"": true, ""dtype"": {""module"": ""keras"", ""class_name"": ""DTypePolicy"", ""config"": {""name"": ""float32""}, ""registered_name"": null}, ""filters"": 128, ""kernel_size"": [5], ""strides"": [4], ""padding"": ""same"", ""data_format"": ""channels_last"", ""dilation_rate"": [1], ""groups"": 1, ""activation"": ""linear"", ""use_bias"": true, ""kernel_initializer"": {""module"": ""keras.initializers"", ""class_name"": ""GlorotUniform"", ""config"": {""seed"": null}, ""registered_name"": null}, ""bias_initializer"": {""module"": ""keras.initializers"", ""class_name"": ""Zeros"", ""config"": {}, ""registered_name"": null}, ""kernel_regularizer"": null, ""bias_regularizer"": null, ""activity_regularizer"": null, ""kernel_constraint"": null, ""bias_constraint"": null}"
batch_normalization_3,BatchNormalization,"(None, 188, 128)",512,"{""name"": ""batch_normalization_3"", ""trainable"": true, ""dtype"": {""module"": ""keras"", ""class_name"": ""DTypePolicy"", ""config"": {""name"": ""float32""}, ""registered_name"": null}, ""axis"": -1, ""momentum"": 0.99, ""epsilon"": 0.001, ""center"": true, ""scale"": true, ""beta_initializer"": {""module"": ""keras.initializers"", ""class_name"": ""Zeros"", ""config"": {}, ""registered_name"": null}, ""gamma_initializer"": {""module"": ""keras.initializers"", ""class_name"": ""Ones"", ""config"": {}, ""registered_name"": null}, ""moving_mean_initializer"": {""module"": ""keras.initializers"", ""class_name"": ""Zeros"", ""config"": {}, ""registered_name"": null}, ""moving_variance_initializer"": {""module"": ""keras.initializers"", ""class_name"": ""Ones"", ""config"": {}, ""registered_name"": null}, ""beta_regularizer"": null, ""gamma_regularizer"": null, ""beta_constraint"": null, ""gamma_constraint"": null, ""synchronized"": false}"
re_lu_3,ReLU,"(None, 188, 128)",0,"{""name"": ""re_lu_3"", ""trainable"": true, ""dtype"": {""module"": ""keras"", ""class_name"": ""DTypePolicy"", ""config"": {""name"": ""float32""}, ""registered_name"": null}, ""max_value"": null, ""negative_slope"": 0.0, ""threshold"": 0.0}"
multi_head_attention_2,MultiHeadAttention,"(None, 188, 128)",33088,"{""name"": ""multi_head_attention_2"", ""trainable"": true, ""dtype"": {""module"": ""keras"", ""class_name"": ""DTypePolicy"", ""config"": {""name"": ""float32""}, ""registered_name"": null}, ""num_heads"": 4, ""key_dim"": 16, ""value_dim"": 16, ""dropout"": 0.0, ""use_bias"": true, ""output_shape"": null, ""attention_axes"": [1], ""kernel_initializer"": {""module"": ""keras.initializers"", ""class_name"": ""GlorotUniform"", ""config"": {""seed"": null}, ""registered_name"": null}, ""bias_initializer"": {""module"": ""keras.initializers"", ""class_name"": ""Zeros"", ""config"": {}, ""registered_name"": null}, ""kernel_regularizer"": null, ""bias_regularizer"": null, ""activity_regularizer"": null, ""kernel_constraint"": null, ""bias_constraint"": null, ""seed"": null}"
layer_normalization_4,LayerNormalization,"(None, 188, 128)",256,"{""name"": ""layer_normalization_4"", ""trainable"": true, ""dtype"": {""module"": ""keras"", ""class_name"": ""DTypePolicy"", ""config"": {""name"": ""float32""}, ""registered_name"": null}, ""axis"": [-1], ""epsilon"": 0.001, ""center"": true, ""scale"": true, ""rms_scaling"": false, ""beta_initializer"": {""module"": ""keras.initializers"", ""class_name"": ""Zeros"", ""config"": {}, ""registered_name"": null}, ""gamma_initializer"": {""module"": ""keras.initializers"", ""class_name"": ""Ones"", ""config"": {}, ""registered_name"": null}, ""beta_regularizer"": null, ""gamma_regularizer"": null, ""beta_constraint"": null, ""gamma_constraint"": null}"
dense_5,Dense,"(None, 188, 128)",16512,"{""name"": ""dense_5"", ""trainable"": true, ""dtype"": {""module"": ""keras"", ""class_name"": ""DTypePolicy"", ""config"": {""name"": ""float32""}, ""registered_name"": null}, ""units"": 128, ""activation"": ""gelu"", ""use_bias"": true, ""kernel_initializer"": {""module"": ""keras.initializers"", ""class_name"": ""GlorotUniform"", ""config"": {""seed"": null}, ""registered_name"": null}, ""bias_initializer"": {""module"": ""keras.initializers"", ""class_name"": ""Zeros"", ""config"": {}, ""registered_name"": null}, ""kernel_regularizer"": null, ""bias_regularizer"": null, ""kernel_constraint"": null, ""bias_constraint"": null, ""quantization_config"": null}"
dense_6,Dense,"(None, 188, 128)",16512,"{""name"": ""dense_6"", ""trainable"": true, ""dtype"": {""module"": ""keras"", ""class_name"": ""DTypePolicy"", ""config"": {""name"": ""float32""}, ""registered_name"": null}, ""units"": 128, ""activation"": ""linear"", ""use_bias"": true, ""kernel_initializer"": {""module"": ""keras.initializers"", ""class_name"": ""GlorotUniform"", ""config"": {""seed"": null}, ""registered_name"": null}, ""bias_initializer"": {""module"": ""keras.initializers"", ""class_name"": ""Zeros"", ""config"": {}, ""registered_name"": null}, ""kernel_regularizer"": null, ""bias_regularizer"": null, ""kernel_constraint"": null, ""bias_constraint"": null, ""quantization_config"": null}"
layer_normalization_5,LayerNormalization,"(None, 188, 128)",256,"{""name"": ""layer_normalization_5"", ""trainable"": true, ""dtype"": {""module"": ""keras"", ""class_name"": ""DTypePolicy"", ""config"": {""name"": ""float32""}, ""registered_name"": null}, ""axis"": [-1], ""epsilon"": 0.001, ""center"": true, ""scale"": true, ""rms_scaling"": false, ""beta_initializer"": {""module"": ""keras.initializers"", ""class_name"": ""Zeros"", ""config"": {}, ""registered_name"": null}, ""gamma_initializer"": {""module"": ""keras.initializers"", ""class_name"": ""Ones"", ""config"": {}, ""registered_name"": null}, ""beta_regularizer"": null, ""gamma_regularizer"": null, ""beta_constraint"": null, ""gamma_constraint"": null}"
bidirectional_1,Bidirectional,"(None, 188, 128)",98816,"{""name"": ""bidirectional_1"", ""trainable"": true, ""dtype"": {""module"": ""keras"", ""class_name"": ""DTypePolicy"", ""config"": {""name"": ""float32""}, ""registered_name"": null}, ""merge_mode"": ""concat"", ""layer"": {""module"": ""keras.layers"", ""class_name"": ""LSTM"", ""config"": {""name"": ""forward_lstm_1"", ""trainable"": true, ""dtype"": {""module"": ""keras"", ""class_name"": ""DTypePolicy"", ""config"": {""name"": ""float32""}, ""registered_name"": null}, ""return_sequences"": true, ""return_state"": false, ""go_backwards"": false, ""stateful"": false, ""unroll"": false, ""zero_output_for_mask"": true, ""units"": 64, ""activation"": ""tanh"", ""recurrent_activation"": ""sigmoid"", ""use_bias"": true, ""kernel_initializer"": {""module"": ""keras.initializers"", ""class_name"": ""GlorotUniform"", ""config"": {""seed"": null}, ""registered_name"": null}, ""recurrent_initializer"": {""module"": ""keras.initializers"", ""class_name"": ""Orthogonal"", ""config"": {""seed"": null, ""gain"": 1.0}, ""registered_name"": null}, ""bias_initializer"": {""module"": ""keras.initializers"", ""class_name"": ""Zeros"", ""config"": {}, ""registered_name"": null}, ""unit_forget_bias"": true, ""kernel_regularizer"": null, ""recurrent_regularizer"": null, ""bias_regularizer"": null, ""activity_regularizer"": null, ""kernel_constraint"": null, ""recurrent_constraint"": null, ""bias_constraint"": null, ""dropout"": 0.0, ""recurrent_dropout"": 0.0, ""seed"": null}, ""registered_name"": null, ""build_config"": {""input_shape"": [null, 188, 128]}}, ""backward_layer"": {""module"": ""keras.layers"", ""class_name"": ""LSTM"", ""config"": {""name"": ""backward_lstm_1"", ""trainable"": true, ""dtype"": {""module"": ""keras"", ""class_name"": ""DTypePolicy"", ""config"": {""name"": ""float32""}, ""registered_name"": null}, ""return_sequences"": true, ""return_state"": false, ""go_backwards"": true, ""stateful"": false, ""unroll"": false, ""zero_output_for_mask"": true, ""units"": 64, ""activation"": ""tanh"", ""recurrent_activation"": ""sigmoid"", ""use_bias"": true, ""kernel_initializer"": {""module"": ""keras.initializers"", ""class_name"": ""GlorotUniform"", ""config"": {""seed"": null}, ""registered_name"": null}, ""recurrent_initializer"": {""module"": ""keras.initializers"", ""class_name"": ""Orthogonal"", ""config"": {""seed"": null, ""gain"": 1.0}, ""registered_name"": null}, ""bias_initializer"": {""module"": ""keras.initializers"", ""class_name"": ""Zeros"", ""config"": {}, ""registered_name"": null}, ""unit_forget_bias"": true, ""kernel_regularizer"": null, ""recurrent_regularizer"": null, ""bias_regularizer"": null, ""activity_regularizer"": null, ""kernel_constraint"": null, ""recurrent_constraint"": null, ""bias_constraint"": null, ""dropout"": 0.0, ""recurrent_dropout"": 0.0, ""seed"": null}, ""registered_name"": null, ""build_config"": {""input_shape"": [null, 188, 128]}}}"
global_average_pooling1d_1,GlobalAveragePooling1D,"(None, 128)",0,"{""name"": ""global_average_pooling1d_1"", ""trainable"": true, ""dtype"": {""module"": ""keras"", ""class_name"": ""DTypePolicy"", ""config"": {""name"": ""float32""}, ""registered_name"": null}, ""data_format"": ""channels_last"", ""keepdims"": false}"
dropout_6,Dropout,"(None, 128)",0,"{""name"": ""dropout_6"", ""trainable"": true, ""dtype"": {""module"": ""keras"", ""class_name"": ""DTypePolicy"", ""config"": {""name"": ""float32""}, ""registered_name"": null}, ""rate"": 0.2, ""seed"": null, ""noise_shape"": null}"
dense_7,Dense,"(None, 128)",16512,"{""name"": ""dense_7"", ""trainable"": true, ""dtype"": {""module"": ""keras"", ""class_name"": ""DTypePolicy"", ""config"": {""name"": ""float32""}, ""registered_name"": null}, ""units"": 128, ""activation"": ""relu"", ""use_bias"": true, ""kernel_initializer"": {""module"": ""keras.initializers"", ""class_name"": ""GlorotUniform"", ""config"": {""seed"": null}, ""registered_name"": null}, ""bias_initializer"": {""module"": ""keras.initializers"", ""class_name"": ""Zeros"", ""config"": {}, ""registered_name"": null}, ""kernel_regularizer"": null, ""bias_regularizer"": null, ""kernel_constraint"": null, ""bias_constraint"": null, ""quantization_config"": null}"
dropout_7,Dropout,"(None, 128)",0,"{""name"": ""dropout_7"", ""trainable"": true, ""dtype"": {""module"": ""keras"", ""class_name"": ""DTypePolicy"", ""config"": {""name"": ""float32""}, ""registered_name"": null}, ""rate"": 0.1, ""seed"": null, ""noise_shape"": null}"
dense_8,Dense,"(None, 5)",645,"{""name"": ""dense_8"", ""trainable"": true, ""dtype"": {""module"": ""keras"", ""class_name"": ""DTypePolicy"", ""config"": {""name"": ""float32""}, ""registered_name"": null}, ""units"": 5, ""activation"": ""softplus"", ""use_bias"": true, ""kernel_initializer"": {""module"": ""keras.initializers"", ""class_name"": ""GlorotUniform"", ""config"": {""seed"": null}, ""registered_name"": null}, ""bias_initializer"": {""module"": ""keras.initializers"", ""class_name"": ""Zeros"", ""config"": {}, ""registered_name"": null}, ""kernel_regularizer"": null, ""bias_regularizer"": null, ""kernel_constraint"": null, ""bias_constraint"": null, ""quantization_config"": null}"
