split,subject_id,recording_id,usable_epochs,Wake,N1,N2,N3,REM,gap_boundaries
train,SN017,SN017,1114,96,134,397,284,203,0
train,SN006,SN006,866,132,153,350,166,65,0
train,SN020,SN020,948,400,67,325,89,67,0
train,SN025,SN025,990,192,149,400,143,106,0
train,SN015,SN015,867,345,127,161,132,102,0
train,SN011,SN011,1141,149,250,504,201,37,0
train,SN019,SN019,840,342,81,188,157,72,0
train,SN012,SN012,937,184,55,280,224,194,0
train,SN016,SN016,1088,24,19,423,342,280,0
train,SN018,SN018,862,174,61,443,19,165,0
train,SN002,SN002,856,82,67,309,224,174,0
train,SN013,SN013,1004,65,51,384,265,239,0
train,SN023,SN023,791,308,50,121,238,74,0
train,SN007,SN007,1034,67,87,474,191,215,0
train,SN010,SN010,924,239,121,327,101,136,0
train,SN003,SN003,954,403,81,168,150,152,0
val,SN024,SN024,857,253,96,288,150,70,0
val,SN005,SN005,959,201,141,341,149,127,0
val,SN021,SN021,956,156,112,311,191,186,0
val,SN008,SN008,847,39,73,446,87,202,0
test,SN009,SN009,901,91,89,218,379,124,0
test,SN001,SN001,854,151,109,430,23,141,0
test,SN004,SN004,1016,80,91,534,64,247,0
test,SN022,SN022,1002,115,182,436,134,135,0
