split,stage,count,percentage
train,Wake,3202,21.043638275499475
train,N1,1553,10.206361724500526
train,N2,5254,34.52944269190326
train,N3,2926,19.22975814931651
train,REM,2281,14.99079915878023
val,Wake,649,17.933130699088146
val,N1,422,11.660679745786128
val,N2,1386,38.297872340425535
val,N3,577,15.94363083724786
val,REM,585,16.164686377452334
test,Wake,437,11.582295255764643
test,N1,471,12.483434932414525
test,N2,1618,42.88364696527962
test,N3,600,15.90246488205672
test,REM,647,17.148157964484493
