subject_id,source,Sleep_Efficiency_Pct,WASO_Minutes,N3_Deep_Pct,SFI,sleep_minutes,evaluated_duration_minutes,N1_Pct,N2_Pct,REM_Pct,risk_category,reasons,complete_contiguous_record,interpretation
SN009,ground_truth,89.90011098779135,18.0,42.06437291897892,6.666666666666667,405.0,450.5,9.877913429522753,24.195338512763595,13.762486126526083,Healthy,,True,research evaluated-epoch proxy; time in bed not directly verified
SN009,raw,89.34517203107659,30.0,24.528301886792452,10.881987577639752,402.5,450.5,19.644839067702552,34.96115427302996,10.21087680355161,Mild Risk,SFI >10/h,True,research evaluated-epoch proxy; time in bed not directly verified
SN009,soft_viterbi,90.01109877913429,14.0,23.97336293007769,1.1837237977805177,405.5,450.5,6.215316315205328,42.28634850166482,17.53607103218646,Healthy,,True,research evaluated-epoch proxy; time in bed not directly verified
SN001,ground_truth,82.31850117096019,66.5,2.693208430913349,4.608819345661451,351.5,427.0,12.763466042154567,50.35128805620609,16.510538641686182,Mild Risk,WASO >60 min; N3 <10%,True,research evaluated-epoch proxy; time in bed not directly verified
SN001,raw,92.50585480093677,31.5,24.004683840749415,11.69620253164557,395.0,427.0,20.491803278688526,31.967213114754102,16.04215456674473,Mild Risk,SFI >10/h,True,research evaluated-epoch proxy; time in bed not directly verified
SN001,soft_viterbi,91.4519906323185,31.5,24.707259953161593,1.8437900128040972,390.5,427.0,12.412177985948478,36.29976580796253,18.0327868852459,Healthy,,True,research evaluated-epoch proxy; time in bed not directly verified
SN004,ground_truth,92.1259842519685,33.5,6.299212598425196,4.3589743589743595,468.0,508.0,8.956692913385826,52.55905511811023,24.311023622047244,Mild Risk,N3 <10%,True,research evaluated-epoch proxy; time in bed not directly verified
SN004,raw,85.8267716535433,60.0,7.086614173228346,19.81651376146789,436.0,508.0,25.196850393700785,21.161417322834648,32.381889763779526,High Risk,N3 <10%; SFI >10/h,True,research evaluated-epoch proxy; time in bed not directly verified
SN004,soft_viterbi,88.48425196850394,34.5,7.18503937007874,2.2691879866518354,449.5,508.0,11.220472440944881,24.311023622047244,45.767716535433074,Mild Risk,N3 <10%,True,research evaluated-epoch proxy; time in bed not directly verified
SN022,ground_truth,88.52295409181636,55.5,13.373253493013973,6.493799323562571,443.5,501.0,18.163672654690618,43.51297405189621,13.47305389221557,Healthy,,True,research evaluated-epoch proxy; time in bed not directly verified
SN022,raw,85.32934131736528,68.0,9.780439121756487,11.508771929824562,427.5,501.0,39.12175648702595,23.55289421157685,12.874251497005988,High Risk,WASO >60 min; N3 <10%; SFI >10/h,True,research evaluated-epoch proxy; time in bed not directly verified
SN022,soft_viterbi,84.03193612774452,74.0,9.081836327345309,1.995249406175772,421.0,501.0,31.437125748502993,29.64071856287425,13.872255489021956,Mild Risk,WASO >60 min; N3 <10%,True,research evaluated-epoch proxy; time in bed not directly verified
