epoch,evidential_accuracy,loss,val_evidential_accuracy,val_loss,epoch_number
0,0.4426261782646179,1.4637917280197144,0.1652390211820602,1.7381335496902466,1
1,0.6033123135566711,1.1375656127929688,0.1768444329500198,1.92300283908844,2
2,0.6714642643928528,1.0162582397460938,0.2390163093805313,1.8245415687561035,3
3,0.6994611024856567,0.9534124135971068,0.4139265120029449,1.4166829586029053,4
4,0.7164826393127441,0.9042384028434752,0.6090080142021179,1.0651665925979614,5
5,0.7352786660194397,0.8685460090637207,0.6446532011032104,1.0124324560165403,6
6,0.7447423934936523,0.8375630974769592,0.6266924738883972,1.0253835916519165,7
7,0.7499342560768127,0.8178288340568542,0.6443768739700317,1.0081664323806765,8
8,0.7593979835510254,0.7937979698181152,0.6797457933425903,0.9186273217201232,9
9,0.766167163848877,0.7779519557952881,0.65239018201828,1.000450849533081,10
