subject,recording_minutes,TST_minutes,sleep_efficiency_percent,sleep_onset_latency_min,WASO_minutes,REM_latency_min,N1_percent,N2_percent,N3_percent,...,fragmentation_index,delta_relative,theta_relative,alpha_relative,sigma_relative,beta_relative,sigma_delta_ratio,theta_delta_ratio,alpha_delta_ratio,beta_delta_ratio
SN002,428.0,374.0,87.3832,4.0,50.0,109.5,11.8984,37.9679,31.1497,...,36.5775,0.7123,0.1219,0.0602,0.0378,0.0442,0.0591,0.1849,0.0949,0.0728
SN003,477.0,285.0,59.7484,1.5,190.5,263.5,18.2456,32.8070,28.5965,...,50.3158,0.7307,0.1095,0.0537,0.0284,0.0530,0.0444,0.1647,0.0848,0.0828
SN006,433.0,375.5,86.7206,5.5,52.0,7.5,15.0466,56.0586,23.4354,...,41.0652,0.7302,0.1164,0.0595,0.0322,0.0420,0.0525,0.1765,0.0962,0.0689
SN007,517.0,488.5,94.4874,9.0,19.5,127.5,17.1955,50.0512,20.3685,...,35.3736,0.6896,0.1350,0.0782,0.0357,0.0372,0.0594,0.2238,0.1551,0.0683
SN010,462.0,352.5,76.2987,32.0,77.5,183.5,18.7234,52.7660,15.6028,...,37.4468,0.6584,0.1308,0.0788,0.0353,0.0700,0.0634,0.2098,0.1505,0.1380
SN011,570.5,514.0,90.0964,3.5,53.0,513.5,39.4942,37.5486,21.4008,...,56.1479,0.5506,0.1828,0.1674,0.0294,0.0357,0.0697,0.4040,0.4223,0.0898
SN012,468.5,366.5,78.2284,15.0,87.0,0.5,8.1855,36.0164,39.2906,...,44.2019,0.7496,0.0923,0.0828,0.0208,0.0350,0.0346,0.1435,0.1815,0.0643
SN013,502.0,454.0,90.4382,12.0,36.0,18.5,23.5683,26.1013,31.8282,...,39.9119,0.6947,0.1187,0.0801,0.0347,0.0483,0.0589,0.1895,0.1370,0.0847
SN015,433.5,273.0,62.9758,13.5,147.0,0.5,39.1941,23.6264,23.4432,...,58.9011,0.6199,0.1107,0.0806,0.0470,0.1152,0.0883,0.1949,0.1450,0.2365
SN016,544.0,530.0,97.4265,3.5,10.5,30.5,7.0755,40.0943,34.3396,...,29.3208,0.7604,0.1293,0.0407,0.0212,0.0261,0.0318,0.1849,0.0610,0.0419
SN017,557.0,511.0,91.7415,6.5,39.5,80.0,22.6027,33.8552,23.6791,...,39.3346,0.6037,0.1593,0.1010,0.0486,0.0586,0.0913,0.2855,0.1859,0.1179
SN018,431.0,363.5,84.3387,12.0,55.5,58.5,28.7483,58.4594,1.9257,...,49.5186,0.6614,0.1294,0.0817,0.0397,0.0566,0.0801,0.2504,0.1831,0.1189
SN019,420.0,246.0,58.5714,6.0,168.0,124.5,18.6992,25.0000,42.6829,...,35.6098,0.5551,0.1285,0.2010,0.0346,0.0476,0.0947,0.3344,0.7232,0.1324
SN020,474.0,264.5,55.8017,12.0,197.5,286.5,4.9149,72.4008,15.5009,...,36.9754,0.7246,0.1406,0.0444,0.0259,0.0406,0.0383,0.2123,0.0659,0.0619
SN023,395.5,248.0,62.7054,7.5,140.0,112.0,17.7419,24.3952,46.9758,...,37.7419,0.6368,0.0997,0.0662,0.0460,0.1304,0.0998,0.1808,0.1356,0.3179
SN025,495.0,399.0,80.6061,10.5,85.5,127.5,33.9599,40.6015,19.2982,...,48.1203,0.6000,0.1247,0.1441,0.0412,0.0604,0.0837,0.2353,0.3537,0.1390
