feature,mean,std,median,p10,p90
recording_minutes,475.5,52.08134662877551,471.25,424.0,550.5
TST_minutes,377.8125,98.5261175188251,370.25,256.25,512.5
sleep_efficiency_percent,78.59802574575508,14.166573711134607,82.4724038529143,59.15992812219227,93.11444981925138
sleep_onset_latency_min,9.625,7.209946832906144,8.25,3.5,14.25
WASO_minutes,88.0625,61.087335021262795,66.5,27.75,179.25
REM_latency_min,127.75,134.52298440539198,110.75,4.0,275.0
N1_percent,20.330880405440265,10.587174071244094,18.472400513478817,7.630505289711447,36.577019471756316
N2_percent,40.4843580301341,14.034091600724318,37.7582762853992,24.69758064516129,57.25900541597906
N3_percent,26.219879170950378,11.387515629759616,23.561142054292738,15.551891029508372,40.9867567297774
REM_percent,12.964882393475246,5.70776382353738,13.262843798650753,5.7998691802742535,19.42348545894074
awakenings,33.25,13.168143377105217,34.5,16.5,50.5
stage_transitions,264.5,80.97324661063472,263.5,159.5,327.5
fragmentation_index,42.285194995306185,8.18068204600321,39.62326611895135,35.491674364031255,53.2318246979316
delta_relative,0.6673676917536095,0.06735532864420003,0.675501710969436,0.5775216212011418,0.7401099215954579
theta_relative,0.1268532497601662,0.021861319421648324,0.12660447194941477,0.10459311824446518,0.14997195365163213
alpha_relative,0.08877874067277104,0.04479829497887045,0.07946201103747916,0.049068781408442064,0.155713457132964
sigma_relative,0.03491015922844179,0.008468481895105798,0.03498051925782271,0.02356726037847318,0.04651506329225809
beta_relative,0.05630632836401316,0.02836475794045951,0.047949130762089266,0.03536310449096238,0.09259086340014037
sigma_delta_ratio,0.06562564371497664,0.022145602893182296,0.06137839018042093,0.03643465230999149,0.09299970773027155
theta_delta_ratio,0.2234469737761153,0.067699073803479,0.20237179847828957,0.1705695649675937,0.30997092542808247
alpha_delta_ratio,0.1984881446899983,0.17040087744525254,0.14775779925794125,0.07538798262364146,0.38799246241597574
beta_delta_ratio,0.11476104241812433,0.07153955568598269,0.08726482697385901,0.06308488776206708,0.1877619809466447
