subject_id,split,usable_epochs,Wake,N1,N2,N3,REM
SN017,train,1114,96,134,397,284,203
SN006,train,866,132,153,350,166,65
SN020,train,948,400,67,325,89,67
SN025,train,990,192,149,400,143,106
SN015,train,867,345,127,161,132,102
SN011,train,1141,149,250,504,201,37
SN019,train,840,342,81,188,157,72
SN012,train,937,184,55,280,224,194
SN016,train,1088,24,19,423,342,280
SN018,train,862,174,61,443,19,165
SN002,train,856,82,67,309,224,174
SN013,train,1004,65,51,384,265,239
SN023,train,791,308,50,121,238,74
SN007,train,1034,67,87,474,191,215
SN010,train,924,239,121,327,101,136
SN003,train,954,403,81,168,150,152
SN024,val,857,253,96,288,150,70
SN005,val,959,201,141,341,149,127
SN021,val,956,156,112,311,191,186
SN008,val,847,39,73,446,87,202
SN009,test,901,91,89,218,379,124
SN001,test,190,23,35,95,13,24
SN004,test,1016,80,91,534,64,247
SN022,test,1002,115,182,436,134,135
