subject_id,source,recording_minutes,TST_minutes,sleep_efficiency_percent,sleep_onset_latency_min,WASO_minutes,REM_latency_min,N1_percent,N2_percent,N3_percent,REM_percent,awakenings,stage_transitions,fragmentation_index,delta_relative,theta_relative,alpha_relative,sigma_relative,beta_relative,sigma_delta_ratio,theta_delta_ratio,alpha_delta_ratio,beta_delta_ratio,Sleep_Duration_status,Sleep_Continuity_status,Sleep_Initiation_status,Sleep_Architecture_status,deviated_domain_count,sleep_health_deviation_profile,scope
SN001,ground_truth,95.0,83.5,87.89473684210526,4.0,7.5,73.5,20.958083832335326,56.886227544910184,7.784431137724551,14.37125748502994,3,34,24.4311377245509,0.6748639659025888,0.12007068267926918,0.09111991659921238,0.0420494296931243,0.04512158877308299,0.06517187845833299,0.1826602395095718,0.14476495658932792,0.07230370779871191,DEVIATED,DEVIATED,WITHIN_REFERENCE,DEVIATED,3,High Deviation,stored evaluated epochs; whole-night continuity unverified
SN001,raw,95.0,91.5,96.3157894736842,0.0,3.5,0.0,26.229508196721312,38.25136612021858,26.775956284153008,8.743169398907105,6,79,51.80327868852459,0.6748639659025888,0.12007068267926918,0.09111991659921238,0.0420494296931243,0.04512158877308299,0.06517187845833299,0.1826602395095718,0.14476495658932792,0.07230370779871191,DEVIATED,DEVIATED,DEVIATED,WITHIN_REFERENCE,3,High Deviation,stored evaluated epochs; whole-night continuity unverified
SN001,refined,95.0,91.5,96.3157894736842,0.0,3.5,0.0,27.322404371584703,37.15846994535519,26.775956284153008,8.743169398907105,6,80,52.459016393442624,0.6748639659025888,0.12007068267926918,0.09111991659921238,0.0420494296931243,0.04512158877308299,0.06517187845833299,0.1826602395095718,0.14476495658932792,0.07230370779871191,DEVIATED,DEVIATED,DEVIATED,WITHIN_REFERENCE,3,High Deviation,stored evaluated epochs; whole-night continuity unverified
SN004,ground_truth,508.0,468.0,92.1259842519685,3.0,37.0,46.0,9.722222222222223,57.05128205128205,6.837606837606838,26.38888888888889,29,135,17.307692307692307,0.6631924120133308,0.13483006022961194,0.07032805158443972,0.043015671145736664,0.06113291946387563,0.07323966276117234,0.21737111931682976,0.11968421345290009,0.10977788035907857,WITHIN_REFERENCE,DEVIATED,DEVIATED,DEVIATED,3,High Deviation,stored evaluated epochs; whole-night continuity unverified
SN004,raw,508.0,442.5,87.10629921259843,3.0,62.5,8.0,40.451977401129945,35.14124293785311,8.022598870056497,16.38418079096045,52,457,61.96610169491525,0.6631924120133308,0.13483006022961194,0.07032805158443972,0.043015671145736664,0.06113291946387563,0.07323966276117234,0.21737111931682976,0.11968421345290009,0.10977788035907857,WITHIN_REFERENCE,DEVIATED,DEVIATED,DEVIATED,3,High Deviation,stored evaluated epochs; whole-night continuity unverified
SN004,refined,508.0,442.5,87.10629921259843,3.0,62.5,8.0,27.45762711864407,48.13559322033898,8.022598870056497,16.38418079096045,52,440,59.66101694915254,0.6631924120133308,0.13483006022961194,0.07032805158443972,0.043015671145736664,0.06113291946387563,0.07323966276117234,0.21737111931682976,0.11968421345290009,0.10977788035907857,WITHIN_REFERENCE,DEVIATED,DEVIATED,DEVIATED,3,High Deviation,stored evaluated epochs; whole-night continuity unverified
SN009,ground_truth,450.5,405.0,89.90011098779135,19.5,26.0,91.0,10.987654320987653,26.913580246913583,46.79012345679012,15.308641975308642,13,156,23.11111111111111,0.6322836098036448,0.12837835256834337,0.0863143976056821,0.05618356687224974,0.06822188267129366,0.106747784114843,0.2207711046014156,0.17267700571418196,0.15223669188712816,WITHIN_REFERENCE,DEVIATED,DEVIATED,DEVIATED,3,High Deviation,stored evaluated epochs; whole-night continuity unverified
SN009,raw,450.5,402.0,89.23418423973362,10.0,38.5,16.0,27.860696517412936,38.681592039801,26.492537313432834,6.965174129353234,19,211,31.492537313432834,0.6322836098036448,0.12837835256834337,0.0863143976056821,0.05618356687224974,0.06822188267129366,0.106747784114843,0.2207711046014156,0.17267700571418196,0.15223669188712816,WITHIN_REFERENCE,DEVIATED,WITHIN_REFERENCE,WITHIN_REFERENCE,1,Mild Deviation,stored evaluated epochs; whole-night continuity unverified
SN009,refined,450.5,402.0,89.23418423973362,10.0,38.5,16.0,23.383084577114428,43.159203980099505,26.492537313432834,6.965174129353234,19,210,31.34328358208955,0.6322836098036448,0.12837835256834337,0.0863143976056821,0.05618356687224974,0.06822188267129366,0.106747784114843,0.2207711046014156,0.17267700571418196,0.15223669188712816,WITHIN_REFERENCE,DEVIATED,WITHIN_REFERENCE,WITHIN_REFERENCE,1,Mild Deviation,stored evaluated epochs; whole-night continuity unverified
SN022,ground_truth,501.0,443.5,88.52295409181636,1.5,56.0,128.0,20.518602029312287,49.154453213077794,15.107102593010147,15.219842164599775,23,161,21.781285231116122,0.682574243282763,0.1565363438273371,0.038382560061617964,0.02540035556449808,0.07807994382848452,0.04478965686232677,0.2512799984471954,0.06544284563398653,0.13977191505773562,WITHIN_REFERENCE,DEVIATED,DEVIATED,DEVIATED,3,High Deviation,stored evaluated epochs; whole-night continuity unverified
SN022,raw,501.0,428.5,85.52894211576846,5.0,67.5,32.0,47.841306884480744,31.03850641773629,11.551925320886815,9.56826137689615,51,318,44.52742123687281,0.682574243282763,0.1565363438273371,0.038382560061617964,0.02540035556449808,0.07807994382848452,0.04478965686232677,0.2512799984471954,0.06544284563398653,0.13977191505773562,WITHIN_REFERENCE,DEVIATED,WITHIN_REFERENCE,DEVIATED,2,Moderate Deviation,stored evaluated epochs; whole-night continuity unverified
SN022,refined,501.0,428.5,85.52894211576846,5.0,67.5,32.0,45.15752625437573,33.72228704784131,11.551925320886815,9.56826137689615,51,324,45.36756126021004,0.682574243282763,0.1565363438273371,0.038382560061617964,0.02540035556449808,0.07807994382848452,0.04478965686232677,0.2512799984471954,0.06544284563398653,0.13977191505773562,WITHIN_REFERENCE,DEVIATED,WITHIN_REFERENCE,DEVIATED,2,Moderate Deviation,stored evaluated epochs; whole-night continuity unverified
