subject,recording_minutes,TST_minutes,sleep_efficiency_percent,sleep_onset_latency_min,WASO_minutes,REM_latency_min,N1_percent,N2_percent,N3_percent,REM_percent,awakenings,stage_transitions,fragmentation_index,delta_relative,theta_relative,alpha_relative,sigma_relative,beta_relative,sigma_delta_ratio,theta_delta_ratio,alpha_delta_ratio,beta_delta_ratio
SN002,428.0,374.0,87.38317757009347,4.0,50.0,109.5,11.898395721925134,37.967914438502675,31.149732620320858,18.983957219251337,34,228,36.57754010695187,0.7123326581852197,0.1219385974672216,0.06015220618042643,0.03777880202259778,0.044172969174030595,0.05910114077518594,0.18493911852464034,0.09494784886742959,0.07284774438322134
SN003,477.0,285.0,59.74842767295597,1.5,190.5,263.5,18.24561403508772,32.80701754385965,28.596491228070175,20.350877192982455,51,239,50.31578947368421,0.7306592832111346,0.10945357562410529,0.05373765190116735,0.02844919099350288,0.05303945367334054,0.04440422340896171,0.16465228831164094,0.08483241630182227,0.08278190796295846
SN006,433.0,375.5,86.72055427251732,5.5,52.0,7.5,15.046604527296935,56.05858854860186,23.435419440745672,5.459387483355526,34,257,41.06524633821571,0.7301640143621805,0.11643719209303738,0.0594756970928086,0.03220661354564241,0.04196955982773188,0.05246571948152533,0.17648684162354647,0.09620644080982078,0.0689415823603005
SN007,517.0,488.5,94.48742746615088,9.0,19.5,127.5,17.195496417604915,50.051177072671436,20.36847492323439,12.384851586489253,10,288,35.373592630501534,0.6896421231027314,0.1350442298157075,0.07816894359587682,0.0356674075396198,0.037236613993674186,0.059396318470523256,0.2238115687363484,0.15506409519452244,0.0683228100016122
SN010,462.0,352.5,76.2987012987013,32.0,77.5,183.5,18.72340425531915,52.76595744680851,15.602836879432624,12.907801418439716,37,220,37.4468085106383,0.6584350012642869,0.13078580492878505,0.07882737885628927,0.035279003960372445,0.06999011491663135,0.06336046189031862,0.20979962732931656,0.15050487338066507,0.13804810494030662
SN011,570.5,514.0,90.09640666082383,3.5,53.0,513.5,39.494163424124515,37.54863813229572,21.40077821011673,1.556420233463035,39,481,56.14785992217899,0.550604333282325,0.1827924452601643,0.1673728583075833,0.029364520154015306,0.03568774745752835,0.06971824623490326,0.403984194195063,0.42232132530788025,0.08981907320844418
SN012,468.5,366.5,78.22838847385272,15.0,87.0,0.5,8.185538881309688,36.01637107776262,39.2905866302865,16.5075034106412,35,270,44.2019099590723,0.7495605599797812,0.09230542221622494,0.08281777776764628,0.020838011461693437,0.035038461524396415,0.03458606095485564,0.14348907374820802,0.1815012665254102,0.06426384729263163
SN013,502.0,454.0,90.43824701195219,12.0,36.0,18.5,23.568281938325992,26.10132158590308,31.828193832599116,18.502202643171806,28,302,39.91189427312776,0.6946657170043193,0.11865576731615184,0.08009664321866905,0.03468203455527298,0.04833005720222338,0.05894665977036972,0.1894743682731158,0.13700808035237488,0.08471058073927384
SN015,433.5,273.0,62.9757785467128,13.5,147.0,0.5,39.1941391941392,23.626373626373624,23.44322344322344,13.736263736263737,53,268,58.901098901098905,0.6198779686914767,0.11068454845213897,0.08060706145636867,0.04698542848576235,0.1151916118836494,0.08834603855820251,0.1949439696272626,0.14501072513521746,0.23654151052045463
SN016,544.0,530.0,97.42647058823529,3.5,10.5,30.5,7.0754716981132075,40.09433962264151,34.33962264150943,18.49056603773585,4,259,29.32075471698113,0.7604353226671376,0.12929631751912243,0.04073688506693026,0.021240773852150598,0.0261066063251569,0.031762040888115566,0.18485080803027149,0.060968093698243714,0.04192897178072159
SN017,557.0,511.0,91.74147217235189,6.5,39.5,80.0,22.602739726027394,33.85518590998043,23.679060665362034,19.863013698630137,33,335,39.33463796477495,0.6037029526372606,0.15934090182577212,0.10104817080720531,0.048611660567452336,0.05862316838645558,0.09131061942776147,0.28551447049825435,0.18594727065609562,0.11788906056343605
SN018,431.0,363.5,84.33874709976799,12.0,55.5,58.5,28.74828060522696,58.459422283356254,1.925722145804677,10.866574965612106,35,300,49.51856946354883,0.6613612988361406,0.1293725834030811,0.08174137314930893,0.03973778653463508,0.056566583741891795,0.0800961977280991,0.25035783805405926,0.18310211834656462,0.11887850791684164
SN019,420.0,246.0,58.57142857142858,6.0,168.0,124.5,18.69918699186992,25.0,42.68292682926829,13.617886178861788,29,146,35.609756097560975,0.5550725477821705,0.1284705866763803,0.20098395905693417,0.0345632641915757,0.04756820432195515,0.09468879603278163,0.3344273803579106,0.7231978365781843,0.13242333808699377
SN020,474.0,264.5,55.80168776371308,12.0,197.5,286.5,4.914933837429111,72.4007561436673,15.500945179584122,7.183364839319471,37,163,36.975425330812854,0.7246050261382371,0.14060300547749216,0.04439991091571678,0.02589374690479576,0.04058113819513741,0.03828324366512733,0.21231743450368665,0.06594354894546067,0.06190592823150255
SN023,395.5,248.0,62.7054361567636,7.5,140.0,112.0,17.741935483870968,24.39516129032258,46.975806451612904,10.887096774193548,23,156,37.74193548387096,0.6367935662932391,0.09973266086482506,0.06623927743306071,0.046044698098753827,0.13038425430602088,0.09983219140891308,0.18083140407342985,0.1355907754162102,0.3178912593284555
SN025,495.0,399.0,80.60606060606061,10.5,85.5,127.5,33.959899749373434,40.6015037593985,19.298245614035086,6.140350877192982,50,320,48.1203007518797,0.5999706946201132,0.12473835722244922,0.1440540559583447,0.04121960478722597,0.06041470889438677,0.08371234074398194,0.23527119453109085,0.3536635995240712,0.13898245137283477
